<?xml version="1.0" encoding="utf-8"?>
<extension version="1.6" type="plugin" group="jspayment" method="upgrade">
	<name>Joomseller Payment - SN</name>
	<author>SN</author>
	<creationDate>2017</creationDate>
	<authorUrl>http://sn</authorUrl>
	<version>1.0</version>
	<description>Standard SN payment method for Joomseller Extensions</description>
	<files>
		<filename plugin="SN">SN.php</filename>
		<filename>index.html</filename>
	</files>
	
	<languages>
		<language tag="en-GB">en-GB.plg_jspayment_SN.ini</language>
	</languages>
	
	<config>
		<fields name="params">
			<fieldset name="basic" label="PLG_JSPAYMENT_SN_CONFIGURATION">
				<field name="SN_pin" type="text" size="50" default="" label="PLG_JSPAYMENT_SN_SN_PIN" description="PLG_JSPAYMENT_SN_SN_PIN_DESC" />
				<field name="merchant_image" type="text" size="50" default="" label="PLG_JSPAYMENT_SN_MERCHANT_IMAGE" description="PLG_JSPAYMENT_SN_MERCHANT_IMAGE_DESC" />
				<field name="payment_image" type="text" size="50" default="" label="PLG_JSPAYMENT_SN_PAYMENT_LOGO" description="PLG_JSPAYMENT_SN_PAYMENT_LOGO_DESC" />
				<field name="buynow_btn" size="50" type="text" default="CompanyName_BuyNow_WPS_US" label="PLG_JSPAYMENT_SN_BUYNOW_BUTTON" description="PLG_JSPAYMENT_SN_BUYNOW_BUTTON_DESC" />
			</fieldset>
		</fields>
	</config>
</extension>